{
	"global": {
		"info": {
			"name": "IndustrialCraft PE",
			"author": "Mine Explorer and Nikolay Savenko",
			"version": "2.3 prerelease 12",
			"description": "Electricity, machines and power tools",
			"icon": "src/icon.png"
		},
		"api": "CoreEngine"
	},
	"make": {
		"debugAbi": "armeabi-v7a",
		"abis": [
			"armeabi-v7a",
			"x86"
		],
		"linkNative": [
			"minecraftpe",
			"innercore",
			"nativejs"
		],
		"excludeFromRelease": [],
		"modFolder": "IndustrialCraft2",
		"pushTo": "storage/emulated/0/games/horizon/packs/Inner_Core/innercore/mods/IndustrialCraft2",
		"ndkPath": null
	},
	"resources": [
		{
			"path": "src/assets/res",
			"type": "resource_directory"
		},
		{
			"path": "src/assets/gui",
			"type": "gui"
		},
		{
			"path": "src/assets/resource_packs/*",
			"type": "minecraft_resource_pack"
		},
		{
			"path": "src/assets/behavior_packs/*",
			"type": "minecraft_behavior_pack"
		}
	],
	"sources": [
		{
			"source": "src/dev",
			"target": "main.js",
			"type": "main",
			"language": "typescript"
		},
		{
			"source": "src/launcher.js",
			"type": "launcher",
			"language": "javascript"
		},
		{
			"source": "src/lib/*",
			"type": "library",
			"language": "javascript"
		},
		{
			"source": "src/preloader/*",
			"type": "preloader",
			"language": "javascript"
		}
	],
	"additional": [
		{
			"source": "src/config.json",
			"targetDir": "."
		},
		{
			"source": "src/config.info.json",
			"targetDir": "."
		},
		{
			"source": "src/assets/sounds",
			"targetDir": "assets"
		}
	]
}